process,product,unit,value,input,source,year,stage
"Acrylonitrile, at plant",Acrylonitrile,kg,1,FALSE,Argonne report,2019,background
"Acrylonitrile, at plant","Ammonia, steam reforming, liquid, at plant",kg,0.456,TRUE,Argonne report,2019,background
"Acrylonitrile, at plant",coal,kg,0.019,TRUE,Argonne report,2019,background
"Acrylonitrile, at plant",electricity,kWh,0.111,TRUE,Argonne report,2019,background
"Acrylonitrile, at plant","Natural gas, combusted in industrial boiler",m3,0.038,TRUE,Argonne report,2019,background
"Acrylonitrile, at plant",propene,kg,1.116,TRUE,Argonne report,2019,background
"Acrylonitrile, at plant","Residual fuel oil, combusted in industrial boiler",L,0.001,TRUE,Argonne report,2019,background
calcium carbonate transportation,lime transport,t*km,0.1319,FALSE,Ecoinvent,2019,background
calcium carbonate transportation,"Transport, combination truck, diesel powered",t*km,0.1069,TRUE,Ecoinvent,2019,background
calcium carbonate transportation,"Transport, train, diesel powered",t*km,0.025,TRUE,Ecoinvent,2019,background
"calcium carbonate, at mine",calcium carbonate,kg,1,FALSE,USLCI,2019,background
"calcium carbonate, at mine",lime transport,t*km,0.1319,TRUE,USLCI,2019,background
"calcium carbonate, at mine","Limestone, at mine",kg,1,TRUE,USLCI,2019,background
"carbon fiber reinforced polymer, at plant",carbon fiber,kg,0.788,TRUE,GREET2019,2019,manufacturing
"carbon fiber reinforced polymer, at plant",carbon fiber reinforced polymer,kg,1,FALSE,GREET2019,2019,manufacturing
"carbon fiber reinforced polymer, at plant",electricity,kWh,0.433,TRUE,GREET2019,2019,manufacturing
"carbon fiber reinforced polymer, at plant","epoxy, supply",kg,0.261,TRUE,GREET2019,2019,manufacturing
"carbon fiber reinforced polymer, at plant",natural gas,m3,0.0933,TRUE,GREET2019,2019,manufacturing
"carbon fiber reinforced polymer, at plant",residual oil,L,0.09687,TRUE,GREET2020,2019,manufacturing
"carbon fiber, at plant",carbon fiber,kg,1,FALSE,tjpaper,2019,background
"carbon fiber, at plant",electricity,kWh,21.32,TRUE,tjpaper,2019,background
"carbon fiber, at plant","Natural gas, combusted in industrial boiler",m3,0.197,TRUE,tjpaper,2019,background
"carbon fiber, at plant",PAN,kg,2.08,TRUE,tjpaper,2019,background
cement transportation,cement transport,t*km,0.1319,FALSE,Ecoinvent,2019,background
cement transportation,"Transport, combination truck, diesel powered",t*km,0.1069,TRUE,Ecoinvent,2019,background
cement transportation,"Transport, train, diesel powered",t*km,0.025,TRUE,Ecoinvent,2019,background
"coal, at mine","Anthracite coal, at mine",kg,0.5,TRUE,GREET2019,2019,background
"coal, at mine","Bituminous coal, at mine",kg,0.5,TRUE,GREET2019,2019,background
"coal, at mine","coal, raw",kg,1,FALSE,GREET2019,2019,background
"coal, combusted in boiler","Anthracite coal, combusted in industrial boiler",kg,0.33,TRUE,USLCI,2019,background
"coal, combusted in boiler","Bituminous coal, combusted in industrial boiler",kg,0.34,TRUE,USLCI,2019,background
"coal, combusted in boiler",coal,kg,1,FALSE,USLCI,2019,background
"coal, combusted in boiler","Lignite coal, combusted in industrial boiler",kg,0.33,TRUE,USLCI,2019,background
"concrete, in use","coal, raw",kg,0.0096291,TRUE,GREET2019,2019,in use
"concrete, in use","concrete, in use",kg,1,FALSE,GREET2019,2019,in use
"concrete, in use",diesel,L,0.000274,TRUE,GREET2019,2019,in use
"concrete, in use",electricity,kWh,0.01470528,TRUE,GREET2019,2019,in use
"concrete, in use",gasoline,L,0.00001197,TRUE,GREET2019,2019,in use
"concrete, in use",lime,kg,0.123291,TRUE,GREET2019,2019,in use
"concrete, in use",liquefied petroleum gas,MJ,0.000001287,TRUE,GREET2019,2019,in use
"concrete, in use",natural gas,m3,0.0006243,TRUE,GREET2019,2019,in use
"concrete, in use",residual oil,MJ,0.000003978,TRUE,GREET2019,2019,in use
"concrete, in use",sand and gravel,kg,0.84,TRUE,GREET2019,2019,in use
"Crude oil, extracted",crude oil,L,1,FALSE,USLCI,2019,background
"Crude oil, extracted","Crude oil, extracted",L,1,TRUE,USLCI,2019,background
"Diesel, combusted in industrial boiler",diesel,L,1,FALSE,USLCI,2019,background
"Diesel, combusted in industrial boiler","Diesel, combusted in industrial boiler",L,1,TRUE,USLCI,2019,background
"epoxy, at plant",crude oil,L,0.384,TRUE,GREET2019,2019,background
"epoxy, at plant",electricity,kWh,2.123,TRUE,GREET2019,2019,background
"epoxy, at plant","epoxy, manufacturing",kg,1,FALSE,GREET2019,2019,background
"epoxy, at plant","Natural gas, combusted in industrial boiler",m3,1.94266,TRUE,GREET2019,2019,background
"epoxy, at plant","Residual fuel oil, combusted in industrial boiler",L,0.2609,TRUE,GREET2019,2019,background
"epoxy, at plant","Transport, combination truck, diesel powered",t*km,0.1713,TRUE,Ecoinvent3.7,2019,background
"epoxy, at plant","Transport, ocean freighter, average fuel mix",t*km,0.5248,TRUE,Ecoinvent,2019,background
"epoxy, at plant","Transport, train, diesel powered",t*km,0.0438,TRUE,Ecoinvent3.7,2019,background
"epoxy, cement co-processing","coal, raw",kg,0.0067,TRUE,GREET2019,2019,in use
"epoxy, cement co-processing",diesel,L,0.000274,TRUE,GREET2019,2019,in use
"epoxy, cement co-processing",electricity,kWh,0.01470528,TRUE,GREET2019,2019,in use
"epoxy, cement co-processing","epoxy, cement co-processing",kg,0.126,FALSE,GREET2019,2019,in use
"epoxy, cement co-processing",gasoline,L,0.00001197,TRUE,GREET2019,2019,in use
"epoxy, cement co-processing",lime,kg,0.123291,TRUE,GREET2019,2019,in use
"epoxy, cement co-processing",liquefied petroleum gas,MJ,0.000001287,TRUE,GREET2019,2019,in use
"epoxy, cement co-processing",natural gas,m3,0.0006243,TRUE,GREET2019,2019,in use
"epoxy, cement co-processing",residual oil,MJ,0.000003978,TRUE,GREET2019,2019,in use
"epoxy, cement co-processing",sand and gravel,kg,0.84,TRUE,GREET2019,2019,in use
"epoxy, coarse grinding",electricity,kWh,0.023613,TRUE,GREET2019,2019,coarse grinding
"epoxy, coarse grinding","epoxy, coarse grinding",kg,1,FALSE,GREET2019,2019,coarse grinding
"epoxy, coarse grinding onsite",electricity,kWh,0.023613,TRUE,GREET2019,2019,coarse grinding onsite
"epoxy, coarse grinding onsite","epoxy, coarse grinding onsite",kg,1,FALSE,GREET2019,2019,coarse grinding onsite
"epoxy, fine grinding",electricity,kWh,0.023613,TRUE,GREET2019,2019,fine grinding
"epoxy, fine grinding","epoxy, fine grinding",kg,1,FALSE,GREET2019,2019,fine grinding
"epoxy, landfilling",electricity,kWh,0.00188,TRUE,GREET2019,2019,landfilling
"epoxy, landfilling","epoxy, landfilling",kg,1,FALSE,GREET2019,2019,landfilling
"epoxy, rotor teardown",electricity,kWh,0.00188,TRUE,GREET2019,2019,rotor teardown
"epoxy, rotor teardown","epoxy, rotor teardown",kg,1,FALSE,GREET2019,2019,rotor teardown
"epoxy, segmenting",electricity,kWh,0.00188,TRUE,GREET2019,2019,segmenting
"epoxy, segmenting","epoxy, segmenting",kg,1,FALSE,GREET2019,2019,segmenting
"gasoline, combusted in boiler",gasoline,L,1,FALSE,USLCI,2019,background
"gasoline, combusted in boiler","Gasoline, combusted in equipment",L,1,TRUE,USLCI,2019,background
"glass fiber reinforced polymer, at plant",electricity,kWh,0.973,TRUE,GREET2019,2019,manufacturing
"glass fiber reinforced polymer, at plant","epoxy, manufacturing",kg,0.342,TRUE,GREET2019,2019,manufacturing
"glass fiber reinforced polymer, at plant",filler,kg,0.456,TRUE,GREET2019,2019,manufacturing
"glass fiber reinforced polymer, at plant","glass fiber reinforced polymer, manufacturing",kg,1,FALSE,GREET2019,2019,manufacturing
"glass fiber reinforced polymer, at plant","glass fiber, manufacturing",kg,0.342,TRUE,GREET2019,2019,manufacturing
"glass fiber reinforced polymer, coarse grinding",electricity,kWh,0.023613,TRUE,GREET2019,2019,coarse grinding
"glass fiber reinforced polymer, coarse grinding","glass fiber reinforced polymer, coarse grinding",kg,1,FALSE,GREET2019,2019,coarse grinding
"glass fiber reinforced polymer, coarse grinding onsite",electricity,kWh,0.023613,TRUE,GREET2019,2019,coarse grinding onsite
"glass fiber reinforced polymer, coarse grinding onsite","glass fiber reinforced polymer, coarse grinding onsite",kg,1,FALSE,GREET2019,2019,coarse grinding onsite
"glass fiber reinforced polymer, fine grinding",electricity,kWh,0.023613,TRUE,GREET2019,2019,fine grinding
"glass fiber reinforced polymer, fine grinding","glass fiber reinforced polymer, fine grinding",kg,1,FALSE,GREET2019,2019,fine grinding
"glass fiber reinforced polymer, landfilling",electricity,kWh,0.00188,TRUE,GREET2019,2019,landfilling
"glass fiber reinforced polymer, landfilling","glass fiber reinforced polymer, landfilling",kg,1,FALSE,GREET2019,2019,landfilling
"glass fiber reinforced polymer, rotor teardown",electricity,kWh,0.00188,TRUE,GREET2019,2019,rotor teardown
"glass fiber reinforced polymer, rotor teardown","glass fiber reinforced polymer, rotor teardown",kg,1,FALSE,GREET2019,2019,rotor teardown
"glass fiber reinforced polymer, segmenting",electricity,kWh,0.00188,TRUE,GREET2019,2019,segmenting
"glass fiber reinforced polymer, segmenting","glass fiber reinforced polymer, segmenting",kg,1,FALSE,GREET2019,2019,segmenting
"glass fiber, at plant",calcium carbonate,kg,0.395,TRUE,GREET2019,2019,background
"glass fiber, at plant",electricity,kWh,1.018,TRUE,GREET2019,2019,background
"glass fiber, at plant","glass fiber, manufacturing",kg,1,FALSE,GREET2019,2019,background
"glass fiber, at plant",kaolin,kg,0.327,TRUE,GREET2019,2019,background
"glass fiber, at plant","Natural gas, combusted in industrial boiler",m3,0.2969,TRUE,GREET2019,2019,background
"glass fiber, at plant",sand and gravel,kg,0.393,TRUE,GREET2019,2019,background
"glass fiber, at plant","Transport, combination truck, diesel powered",t*km,0.3562,TRUE,Ecoinvent3.7,2019,background
"glass fiber, at plant","Transport, light commercial truck, diesel powered, East North Central",t*km,0.011,TRUE,Ecoinvent3.7,2019,background
"glass fiber, at plant","Transport, train, diesel powered",t*km,0.0832,TRUE,Ecoinvent3.7,2019,background
"glass fiber, cement co-processing","coal, raw",kg,0.0067,TRUE,GREET2019,2019,in use
"glass fiber, cement co-processing",diesel,L,0.000274,TRUE,GREET2019,2019,in use
"glass fiber, cement co-processing",electricity,kWh,0.01470528,TRUE,GREET2019,2019,in use
"glass fiber, cement co-processing",gasoline,L,0.00001197,TRUE,GREET2019,2019,in use
"glass fiber, cement co-processing","glass fiber, cement co-processing",kg,0.126,FALSE,GREET2019,2019,in use
"glass fiber, cement co-processing",lime,kg,0.123291,TRUE,GREET2019,2019,in use
"glass fiber, cement co-processing",liquefied petroleum gas,MJ,0.000001287,TRUE,GREET2019,2019,in use
"glass fiber, cement co-processing",natural gas,m3,0.0006243,TRUE,GREET2019,2019,in use
"glass fiber, cement co-processing",residual oil,MJ,0.000003978,TRUE,GREET2019,2019,in use
"glass fiber, cement co-processing",sand and gravel,kg,0.84,TRUE,GREET2019,2019,in use
"glass fiber, coarse grinding",electricity,kWh,0.023613,TRUE,GREET2019,2019,coarse grinding
"glass fiber, coarse grinding","glass fiber, coarse grinding",kg,1,FALSE,GREET2019,2019,coarse grinding
"glass fiber, coarse grinding onsite",electricity,kWh,0.023613,TRUE,GREET2019,2019,coarse grinding onsite
"glass fiber, coarse grinding onsite","glass fiber, coarse grinding onsite",kg,1,FALSE,GREET2019,2019,coarse grinding onsite
"glass fiber, fine grinding",electricity,kWh,0.023613,TRUE,GREET2019,2019,fine grinding
"glass fiber, fine grinding","glass fiber, fine grinding",kg,1,FALSE,GREET2019,2019,fine grinding
"glass fiber, landfilling",electricity,kWh,0.00188,TRUE,GREET2019,2019,landfilling
"glass fiber, landfilling","glass fiber, landfilling",kg,1,FALSE,GREET2019,2019,landfilling
"glass fiber, rotor teardown",electricity,kWh,0.00188,TRUE,GREET2019,2019,rotor teardown
"glass fiber, rotor teardown","glass fiber, rotor teardown",kg,1,FALSE,GREET2019,2019,rotor teardown
"glass fiber, segmenting",electricity,kWh,0.00188,TRUE,GREET2019,2019,segmenting
"glass fiber, segmenting","glass fiber, segmenting",kg,1,FALSE,GREET2019,2019,segmenting
"iron ore, resource",iron ore,kg,1,FALSE,USLCI,2019,background
"iron ore, resource","Iron Ore, at mine",kg,1,TRUE,USLCI,2019,background
"kaolin, supply",kaolin,kg,1,FALSE,Ecoinvent,2019,background
"kaolin, supply","Transport, barge, average fuel mix",t*km,0.0727,TRUE,Ecoinvent,2019,background
"kaolin, supply","Transport, combination truck, diesel powered",t*km,0.0121,TRUE,Ecoinvent,2019,background
"kaolin, supply","Transport, train, diesel powered",t*km,0.0323,TRUE,Ecoinvent,2019,background
"lime, at mine",lime,kg,1,FALSE,USLCI,2019,background
"lime, at mine",lime transport,t*km,0.1319,TRUE,USLCI,2019,background
"lime, at mine","Limestone, at mine",kg,1,TRUE,USLCI,2019,background
"Liquefied petroleum gas, combusted in industrial boiler",liquefied petroleum gas,L,1,FALSE,USLCI,2019,background
"Liquefied petroleum gas, combusted in industrial boiler","Liquefied petroleum gas, combusted in industrial boiler",L,1,TRUE,USLCI,2019,background
"MMA, at plant",coal,kg,0.26,TRUE,Argonne report,2019,background
"MMA, at plant",electricity,kWh,1.2,TRUE,Argonne report,2019,background
"MMA, at plant",MMA,kg,1,FALSE,Argonne report,2019,background
"MMA, at plant","Natural gas, combusted in industrial boiler",m3,1.8,TRUE,Argonne report,2019,background
"MMA, at plant","Residual fuel oil, combusted in industrial boiler",L,0.938,TRUE,Argonne report,2019,background
"natural gas, combusted in boiler",natural gas,m3,1,FALSE,USLCI,2019,background
"natural gas, combusted in boiler","Natural gas, combusted in industrial boiler",m3,1,TRUE,USLCI,2019,background
"PAN, at plant",Acrylonitrile,kg,0.96,TRUE,Argonne report,2019,background
"PAN, at plant",coal,kg,0.344,TRUE,Argonne report,2019,background
"PAN, at plant",electricity,kWh,1.45,TRUE,Argonne report,2019,background
"PAN, at plant",MMA,kg,0.05,TRUE,Argonne report,2019,background
"PAN, at plant","Natural gas, combusted in industrial boiler",m3,0.944,TRUE,Argonne report,2019,background
"PAN, at plant",PAN,kg,1,FALSE,Argonne report,2019,background
"PAN, at plant","Residual fuel oil, combusted in industrial boiler",L,0.333,TRUE,Argonne report,2019,background
"Portland cement, at plant",cement transport,t*km,0.1319,TRUE,USLCI,2019,background
"Portland cement, at plant",cement_conventional,kg,1,FALSE,USLCI,2019,background
"Portland cement, at plant","Portland cement, at plant",kg,1,TRUE,USLCI,2019,background
"Propene, at plant",propene,kg,1,FALSE,Argonne report,2019,background
"Propene, at plant","propylene, at plant",kg,1,TRUE,Argonne report,2019,background
"residual oil, combusted in boiler","Residual fuel oil, combusted in industrial boiler",L,1,TRUE,USLCI,2019,background
"residual oil, combusted in boiler",residual oil,L,1,FALSE,USLCI,2019,background
"sand and gravel, supply",sand and gravel,kg,1,FALSE,Ecoinvent,2019,background
"sand and gravel, supply","Transport, barge, average fuel mix",t*km,0.0727,TRUE,Ecoinvent,2019,background
"sand and gravel, supply","Transport, combination truck, diesel powered",t*km,0.0121,TRUE,Ecoinvent,2019,background
"sand and gravel, supply","Transport, train, diesel powered",t*km,0.0323,TRUE,Ecoinvent,2019,background
"steel, at plant","Cold rolled sheet, steel, at plant",kg,1,TRUE,GREET2020,2019,manufacturing
"steel, at plant","steel, manufacturing",kg,1,FALSE,GREET2020,2019,manufacturing
"transportation, Transportation","Transport, combination truck, diesel powered",t*km,1,TRUE,GREET2019,2019,Transportation
"transportation, Transportation","transportation, Transportation",t*km,1,FALSE,GREET2019,2019,Transportation
