flow name,material,flow unit,direction,landfilling,manufacturing,recycle to clinker,recycle to raw material
coal,concrete,kg,input,,9.6291,,
electricity,concrete,kWh,input,,14.70528,,
gasoline,concrete,L,input,,0.01197,,
liquefied petroleum gas,concrete,MJ,input,,0.001287,,
natural gas,concrete,m3,input,,0.6243,,
residual fuel oil,concrete,MJ,input,,0.003978,,
limestone,concrete,kg,input,,123.291,,
diesel,concrete,L,input,,0.274,,
sand and gravel,concrete,kg,input,,840,,
electricity,concrete,kWh,input,1.88,,,
"carbon dioxide, fossil",concrete,kg,output,,0.92699,,
methane,concrete,kg,output,,0.0000395,,
dinitrogen monoxide,concrete,kg,output,,0.000009,,
electricity,glass fiber reinforced polymer,kWh,input,,1084,,
epoxy,glass fiber reinforced polymer,kg,input,,399,,
glass fiber,glass fiber reinforced polymer,kg,input,,513,,
filler,glass fiber reinforced polymer,kg,input,,456,,
electricity,glass fiber reinforced polymer,kWh,input,1.88,,,
electricity,glass fiber reinforced polymer,kWh,input,,,23.613,
electricity,glass fiber reinforced polymer,kWh,input,,,,47.226
