facility_type,step,connects,step_cost_method
blade manufacturing,manufacturing,out,manufacturing
power plant,in use,bid,zero_method
power plant,rotor teardown,,rotor_teardown
power plant,coarse grinding onsite,out,coarse_grinding_onsite
power plant,segmenting,out,segmenting
mechanical recycling,coarse grinding,bid,coarse_grinding
mechanical recycling,fine grinding,out,fine_grinding
cement plant,cement co-processing,bid,coprocessing
landfill,landfilling,in,landfilling
blade next use,next use,in,zero_method
